firstName,lastName,postCode,email,age
Jim,Smith,B30,JimSmith@notactuallyanemailaddress.com,73
Mark,Walliams,B30,MarkWalliams@notactuallyanemailaddress.com,48
Roger,Clarke,C20,RogerClarke@notactuallyanemailaddress.com,32
Becky,Rhodes,D1,BeckyRhodes@notactuallyanemailaddress.com,11
Ron,Wood,E5,RonWood@notactuallyanemailaddress.com,39
Mary,Smith,A99,MarySmith@notactuallyanemailaddress.com,14
Elizabeth,Jones,C20,ElizabethJones@notactuallyanemailaddress.com,55
Sarah,Williams,D1,SarahWilliams@notactuallyanemailaddress.com,67
Margaret,Taylor,E5,MargaretTaylor@notactuallyanemailaddress.com,22
Ann,Brown,C20,AnnBrown@notactuallyanemailaddress.com,29
Jane,Davies,F11,JaneDavies@notactuallyanemailaddress.com,28
Phillip,Thomas,F11,PhillipThomas@notactuallyanemailaddress.com,72
Steven,Johnson,D1,StevenJohnson@notactuallyanemailaddress.com,26
Graham,Wilson,B30,GrahamWilson@notactuallyanemailaddress.com,71
John,Roberts,G12,JohnRoberts@notactuallyanemailaddress.com,76
Frank,Robinson,H9,FrankRobinson@notactuallyanemailaddress.com,61
Everard,Wright,F11,EverardWright@notactuallyanemailaddress.com,79
David,Thompson,I1,DavidThompson@notactuallyanemailaddress.com,63
Howard,White,B30,HowardWhite@notactuallyanemailaddress.com,16
James,Hall,C20,JamesHall@notactuallyanemailaddress.com,43
Jeramiah,Walker,E5,JeramiahWalker@notactuallyanemailaddress.com,16
Bunty,Green,I1,BuntyGreen@notactuallyanemailaddress.com,33
Benjamin,Edwards,F11,BenjaminEdwards@notactuallyanemailaddress.com,34
Paul,Wood,D1,PaulWood@notactuallyanemailaddress.com,28
Prudance,Hughes,A99,PrudanceHughes@notactuallyanemailaddress.com,70
Peter,Jackson,E5,PeterJackson@notactuallyanemailaddress.com,6
George,Turner,I1,GeorgeTurner@notactuallyanemailaddress.com,32
Henry,Lewis,C20,HenryLewis@notactuallyanemailaddress.com,76
Joseph,Harris,B30,JosephHarris@notactuallyanemailaddress.com,4
Richard,Patel,A99,RichardPatel@notactuallyanemailaddress.com,46
Frederick,Chuda,D1,FrederickChuda@notactuallyanemailaddress.com,66
Arthur,Allson,A99,ArthurAllson@notactuallyanemailaddress.com,26
Edward,Starkey,E5,EdwardStarkey@notactuallyanemailaddress.com,57
Walter,Harrison,F11,WalterHarrison@notactuallyanemailaddress.com,33
Ernest,Mcartney,H9,ErnestMcartney@notactuallyanemailaddress.com,74
Samual,Lennon,I1,SamualLennon@notactuallyanemailaddress.com,21
Oliver,Jagger,C20,OliverJagger@notactuallyanemailaddress.com,76
Jack,Osbourne,D1,JackOsbourne@notactuallyanemailaddress.com,46
Harry,Richards,D1,HarryRichards@notactuallyanemailaddress.com,49
Jacob,Wood,E5,JacobWood@notactuallyanemailaddress.com,19
Charlie,Windsor,B30,CharlieWindsor@notactuallyanemailaddress.com,9
Thomas,Potter,B30,ThomasPotter@notactuallyanemailaddress.com,48
Guy,Threepwood,I1,GuyThreepwood@notactuallyanemailaddress.com,64
Charlie,Salmon,D1,CharlieSalmon@notactuallyanemailaddress.com,6
Simon,Woodroof,E5,SimonWoodroof@notactuallyanemailaddress.com,50
Alfie,Castles,I1,AlfieCastles@notactuallyanemailaddress.com,8
Joshua,Grohl,D1,JoshuaGrohl@notactuallyanemailaddress.com,50
Tony,Iomi,B30,TonyIomi@notactuallyanemailaddress.com,42
Muhammad,Hughes,D1,MuhammadHughes@notactuallyanemailaddress.com,5
Leo,Purcel,D1,LeoPurcel@notactuallyanemailaddress.com,4
Freddie,Farrington,G12,FreddieFarrington@notactuallyanemailaddress.com,30
Isaac,Bowen,G12,IsaacBowen@notactuallyanemailaddress.com,50
Daniel,Wilson,H9,DanielWilson@notactuallyanemailaddress.com,12
Ethel,Pennington,I1,EthelPennington@notactuallyanemailaddress.com,52
Ada,Beedle,A99,AdaBeedle@notactuallyanemailaddress.com,29
Susan,Chamsudin,D1,SusanChamsudin@notactuallyanemailaddress.com,70
Annie,Burchell,D1,AnnieBurchell@notactuallyanemailaddress.com,30
Florance,Radamaca,H9,FloranceRadamaca@notactuallyanemailaddress.com,70
Ellen,Evans,G12,EllenEvans@notactuallyanemailaddress.com,14
Robert,Rose,G12,RobertRose@notactuallyanemailaddress.com,27
Emma,Croughly,B30,EmmaCroughly@notactuallyanemailaddress.com,49
Roger,Crouch,C20,RogerCrouch@notactuallyanemailaddress.com,6
Thor,Hickson,C20,ThorHickson@notactuallyanemailaddress.com,67
Edward,Donaldson,I1,EdwardDonaldson@notactuallyanemailaddress.com,35
Noah,Trump,C20,NoahTrump@notactuallyanemailaddress.com,34
Oscar,Truss,H9,OscarTruss@notactuallyanemailaddress.com,69
Jacob,Sunak,E5,JacobSunak@notactuallyanemailaddress.com,69
Dillip,Pishwar,E5,DillipPishwar@notactuallyanemailaddress.com,79
Jamie,Loughran,A99,JamieLoughran@notactuallyanemailaddress.com,29
Gayle,Everest,A99,GayleEverest@notactuallyanemailaddress.com,27
Tabitha,Doyle,B30,TabithaDoyle@notactuallyanemailaddress.com,59
Benjamin,Boyle,F11,BenjaminBoyle@notactuallyanemailaddress.com,4
Ted,Crilley,E5,TedCrilley@notactuallyanemailaddress.com,44
Michael,Mcarther,E5,MichaelMcarther@notactuallyanemailaddress.com,22
John,Macnamara,F11,JohnMacnamara@notactuallyanemailaddress.com,19
Homer,Rougley,F11,HomerRougley@notactuallyanemailaddress.com,27
Lesley,Nugen,I1,LesleyNugen@notactuallyanemailaddress.com,11
James,Hurst,I1,JamesHurst@notactuallyanemailaddress.com,15
Simon,Gordon,B30,SimonGordon@notactuallyanemailaddress.com,37
Hugh,Edwards,B30,HughEdwards@notactuallyanemailaddress.com,23
Catherine,Trough,A99,CatherineTrough@notactuallyanemailaddress.com,53
Frances,Beater,G12,FrancesBeater@notactuallyanemailaddress.com,61
Elsie,Tenant,G12,ElsieTenant@notactuallyanemailaddress.com,17
Poppy,Deal,H9,PoppyDeal@notactuallyanemailaddress.com,2
Lily,Curtis,D1,LilyCurtis@notactuallyanemailaddress.com,57
Isabella,Bloomsborough,D1,IsabellaBloomsborough@notactuallyanemailaddress.com,62
Annabel,Granger,E5,AnnabelGranger@notactuallyanemailaddress.com,11
Scarlett,Weasley,F11,ScarlettWeasley@notactuallyanemailaddress.com,73
Chloe,Arrowsmith,F11,ChloeArrowsmith@notactuallyanemailaddress.com,76
John,Costantigne,C20,JohnCostantigne@notactuallyanemailaddress.com,76
Ronald,Mouse,B30,RonaldMouse@notactuallyanemailaddress.com,51
Rebecca,Weaver,C20,RebeccaWeaver@notactuallyanemailaddress.com,22
Steven,Carpenter,B30,StevenCarpenter@notactuallyanemailaddress.com,69
Courtney,Trout,A99,CourtneyTrout@notactuallyanemailaddress.com,2
Jennifer,Beagle,E5,JenniferBeagle@notactuallyanemailaddress.com,59
George,Bush,D1,GeorgeBush@notactuallyanemailaddress.com,17
Prudance,Rowan,G12,PrudanceRowan@notactuallyanemailaddress.com,35
Katie,Oakley,H9,KatieOakley@notactuallyanemailaddress.com,64
John,Fowler,H9,JohnFowler@notactuallyanemailaddress.com,14
Wayne,Bruce,h9,WayneBruce@manbat.com,62
